{
  "3i2n_3A": 0.22,
  "3i2n_5A": 0.32713,
  "3n2t_3A": 0.3,
  "3n2t_4A": 0.2006,
  "3n2t_5A": 0.196306,
  "3qc7_3A": 0.196196,
  "3qc7_4A": 0.3,
  "5i68_3A": 0.4,
  "5i68_4A": 0.3,
  "5i68_5A": 0.273246,
  "6ahv_3A": 0.4,
  "6eyw_3A": 0.3,
  "6eyw_4A": 0.127737,
  "6eyw_5A": 0.3,
  "6g61_3A": 0.3,
  "6g61_5A": 0.4
}